"","","Pr1/Oct-1 (Fold Change) ","","","",""
"","","Expt1","Expt2","Exp3","Mean ","SD"
"Set 1","TNF 0h","1","1","1","1","0"
"Set 2","TNF 0.5 h","4.212953577789","3.0242353084034","3.1189387522827","3.4520425461584","0.66066737781847"
"Set 3","TNF 1h","4.0718528203574","3.704542871704","2.8583591231877","3.5449182717497","0.62229554710806"
"Set 4","TNF 3h","3.9105212206746","4.2969669569492","2.91571014016","3.7077327725946","0.71260786165162"
"Set 5","TNF 6h","3.8919692243618","3.8759739993898","2.7877819898691","3.5185750712069","0.63293590323501"
"Set 6","TNF 12h","3.017499336955","3.2019102003418","2.3612145748699","2.8602080373889","0.44186841747438"
"Set 7","TNF 24h","1.6351140964977","2.3257679424721","2.1605793402458","2.0404871264052","0.36064842798586"
