"","","MFI fold change","","","",""
"","","Expt1","Expt2","Expt3","mean ","SD"
"Uninf","DC - SAG","1","1","1","1","0"
"","DC + SAG","3.17871413004","4.4558399728768","3.610621830798","3.7483919779049","0.64961378116986"
"LDPm (24h)","DC - SAG","0.75009081002543","1.1067977623326","0.5406992260475","0.79919593280184","0.28622608722511"
"","DC + SAG","3.9126407555394","4.0620444143075","3.7742193755004","3.9163015151158","0.14394743523796"
