"","","Pr1","","","","Pr2","","","","Oct1 probe","","","Pr1/oct1","Pr2/Oct1"
"","","Area","Intesity","Intensity/area","","Area","Intesity","Intensity/area","","Area","Intesity","Intensity/area","",""
"Set 1","LPS 0h","0.02","39.59","1979.5","","0.02","42.51","2125.5","","0.02","145.51","7275.5","0.27207752044533","0.2921448697684"
"Set 2","LPS 0.5 h","0.02","151.69","7584.5","","0.02","181.87","9093.5","","0.02","137.71","6885.5","1.1015176820855","1.3206738798925"
"Set 3","LPS 1h","0.02","158","7900","","0.02","196.92","9846","","0.02","151.89","7594.5","1.0402264796892","1.2964645467114"
"Set 4","LPS 3h","0.02","149.38","7469","","0.02","186.12","9306","","0.02","149.29","7464.5","1.0006028535066","1.2467010516445"
"Set 5","LPS 6h","0.02","125.62","6281","","0.02","165.65","8282.5","","0.02","140.65","7032.5","0.89313899751155","1.1777461784572"
"Set 6","LPS 12h","0.02","82.27","4113.5","","0.02","138.14","6907","","0.02","148.43","7421.5","0.55426800512026","0.93067439196928"
"Set 7","LPS 24h","0.02","30.25","1512.5","","0.02","45.21","2260.5","","0.02","143.16","7158","0.2448702","0.31580050293378"
